date,cash,holdings_value,total_value,positions_count,holdings_details
20250811,164751.38,35596.0,200347.38,2,"[{'code': '000980.SZ', 'shares': 7700, 'close': np.float64(2.36), 'value': np.float64(18172.0), 'pnl': np.float64(76.99999999999835)}, {'code': '603900.SH', 'shares': 1600, 'close': np.float64(10.89), 'value': np.float64(17424.0), 'pnl': np.float64(287.99999999999955)}]"
20250812,164987.38,35852.0,200839.38,2,"[{'code': '000980.SZ', 'shares': 7600, 'close': np.float64(2.41), 'value': np.float64(18316.0), 'pnl': np.float64(456.0000000000004)}, {'code': '603900.SH', 'shares': 1600, 'close': np.float64(10.96), 'value': np.float64(17536.0), 'pnl': np.float64(400.0)}]"
20250813,132497.89,68418.0,200915.89,4,"[{'code': '000980.SZ', 'shares': 7400, 'close': np.float64(2.5), 'value': np.float64(18500.0), 'pnl': np.float64(1109.9999999999993)}, {'code': '002072.SZ', 'shares': 2400, 'close': np.float64(7.5), 'value': np.float64(18000.0), 'pnl': np.float64(-192.00000000000017)}, {'code': '002354.SZ', 'shares': 2300, 'close': np.float64(7.79), 'value': np.float64(17917.0), 'pnl': np.float64(46.000000000001066)}, {'code': '002353.SZ', 'shares': 300, 'close': np.float64(46.67), 'value': np.float64(14001.0), 'pnl': np.float64(105.00000000000043)}]"
20250814,161338.74,36183.0,197521.74,2,"[{'code': '000980.SZ', 'shares': 7900, 'close': np.float64(2.28), 'value': np.float64(18012.0), 'pnl': np.float64(-553.0000000000023)}, {'code': '002328.SZ', 'shares': 2700, 'close': np.float64(6.73), 'value': np.float64(18171.0), 'pnl': np.float64(27.000000000001823)}]"
20250815,112276.73999999999,89896.0,202172.74,5,"[{'code': '000980.SZ', 'shares': 7500, 'close': np.float64(2.42), 'value': np.float64(18150.0), 'pnl': np.float64(524.9999999999987)}, {'code': '002328.SZ', 'shares': 2700, 'close': np.float64(6.82), 'value': np.float64(18414.0), 'pnl': np.float64(270.0000000000014)}, {'code': '000628.SZ', 'shares': 300, 'close': np.float64(51.72), 'value': np.float64(15516.0), 'pnl': np.float64(236.99999999999974)}, {'code': '002364.SZ', 'shares': 900, 'close': np.float64(20.64), 'value': np.float64(18576.0), 'pnl': np.float64(1665.0000000000014)}, {'code': '603186.SH', 'shares': 500, 'close': np.float64(38.48), 'value': np.float64(19240.0), 'pnl': np.float64(1429.9999999999998)}]"
20250818,95658.19999999998,111905.0,207563.19999999998,6,"[{'code': '000980.SZ', 'shares': 7600, 'close': np.float64(2.43), 'value': np.float64(18468.0), 'pnl': np.float64(608.0000000000006)}, {'code': '002328.SZ', 'shares': 2600, 'close': np.float64(7.2), 'value': np.float64(18720.0), 'pnl': np.float64(1248.0000000000011)}, {'code': '000628.SZ', 'shares': 300, 'close': np.float64(56.89), 'value': np.float64(17067.0), 'pnl': np.float64(1788.0000000000002)}, {'code': '002364.SZ', 'shares': 900, 'close': np.float64(22.7), 'value': np.float64(20430.0), 'pnl': np.float64(3519.0)}, {'code': '603186.SH', 'shares': 500, 'close': np.float64(39.28), 'value': np.float64(19640.0), 'pnl': np.float64(1830.0000000000018)}, {'code': '003029.SZ', 'shares': 600, 'close': np.float64(29.3), 'value': np.float64(17580.0), 'pnl': np.float64(503.9999999999999)}]"
20250819,77414.88999999998,134026.0,211440.88999999998,7,"[{'code': '002328.SZ', 'shares': 2700, 'close': np.float64(6.92), 'value': np.float64(18684.0), 'pnl': np.float64(540.0000000000005)}, {'code': '002364.SZ', 'shares': 800, 'close': np.float64(24.97), 'value': np.float64(19976.0), 'pnl': np.float64(4944.0)}, {'code': '603186.SH', 'shares': 500, 'close': np.float64(43.21), 'value': np.float64(21605.0), 'pnl': np.float64(3795.000000000002)}, {'code': '003029.SZ', 'shares': 600, 'close': np.float64(28.63), 'value': np.float64(17178.0), 'pnl': np.float64(101.99999999999889)}, {'code': '000066.SZ', 'shares': 1000, 'close': np.float64(17.38), 'value': np.float64(17380.0), 'pnl': np.float64(-589.9999999999999)}, {'code': '002636.SZ', 'shares': 1400, 'close': np.float64(13.38), 'value': np.float64(18732.0), 'pnl': np.float64(168.0000000000014)}, {'code': '600673.SH', 'shares': 1100, 'close': np.float64(18.61), 'value': np.float64(20471.0), 'pnl': np.float64(1693.999999999999)}]"
20250820,78958.57999999999,130279.0,209237.58,7,"[{'code': '002328.SZ', 'shares': 2700, 'close': np.float64(6.95), 'value': np.float64(18765.0), 'pnl': np.float64(621.0000000000011)}, {'code': '002636.SZ', 'shares': 1400, 'close': np.float64(13.5), 'value': np.float64(18900.0), 'pnl': np.float64(336.0000000000003)}, {'code': '600673.SH', 'shares': 1100, 'close': np.float64(18.86), 'value': np.float64(20746.0), 'pnl': np.float64(1968.999999999999)}, {'code': '002342.SZ', 'shares': 2100, 'close': np.float64(8.66), 'value': np.float64(18186.0), 'pnl': np.float64(-62.99999999999866)}, {'code': '000892.SZ', 'shares': 3600, 'close': np.float64(5.16), 'value': np.float64(18576.0), 'pnl': np.float64(0.0)}, {'code': '601798.SH', 'shares': 1700, 'close': np.float64(10.68), 'value': np.float64(18156.0), 'pnl': np.float64(67.99999999999855)}, {'code': '000628.SZ', 'shares': 300, 'close': np.float64(56.5), 'value': np.float64(16950.0), 'pnl': np.float64(360.00000000000085)}]"
20250821,46337.899999999994,161025.0,207362.9,9,"[{'code': '600673.SH', 'shares': 1100, 'close': np.float64(18.36), 'value': np.float64(20196.0), 'pnl': np.float64(1418.999999999999)}, {'code': '002342.SZ', 'shares': 2100, 'close': np.float64(8.98), 'value': np.float64(18858.0), 'pnl': np.float64(609.0000000000019)}, {'code': '601798.SH', 'shares': 1700, 'close': np.float64(10.58), 'value': np.float64(17986.0), 'pnl': np.float64(-102.00000000000085)}, {'code': '000628.SZ', 'shares': 300, 'close': np.float64(55.75), 'value': np.float64(16725.0), 'pnl': np.float64(135.00000000000085)}, {'code': '002551.SZ', 'shares': 4000, 'close': np.float64(4.68), 'value': np.float64(18720.0), 'pnl': np.float64(-1000.0)}, {'code': '003033.SZ', 'shares': 300, 'close': np.float64(50.73), 'value': np.float64(15218.999999999998), 'pnl': np.float64(83.99999999999821)}, {'code': '603688.SH', 'shares': 400, 'close': np.float64(42.55), 'value': np.float64(17020.0), 'pnl': np.float64(1003.9999999999992)}, {'code': '600841.SH', 'shares': 2500, 'close': np.float64(7.45), 'value': np.float64(18625.0), 'pnl': np.float64(-75.00000000000063)}, {'code': '600835.SH', 'shares': 600, 'close': np.float64(29.46), 'value': np.float64(17676.0), 'pnl': np.float64(-251.9999999999989)}]"
20250822,62294.95999999999,146354.0,208648.96,8,"[{'code': '600673.SH', 'shares': 1000, 'close': np.float64(18.98), 'value': np.float64(18980.0), 'pnl': np.float64(1910.0000000000002)}, {'code': '601798.SH', 'shares': 1700, 'close': np.float64(10.79), 'value': np.float64(18343.0), 'pnl': np.float64(254.99999999999758)}, {'code': '000628.SZ', 'shares': 300, 'close': np.float64(61.33), 'value': np.float64(18399.0), 'pnl': np.float64(1809.0000000000005)}, {'code': '603688.SH', 'shares': 400, 'close': np.float64(42.82), 'value': np.float64(17128.0), 'pnl': np.float64(1112.0000000000005)}, {'code': '600835.SH', 'shares': 600, 'close': np.float64(30.17), 'value': np.float64(18102.0), 'pnl': np.float64(174.00000000000162)}, {'code': '000796.SZ', 'shares': 3500, 'close': np.float64(5.29), 'value': np.float64(18515.0), 'pnl': np.float64(-349.99999999999875)}, {'code': '002708.SZ', 'shares': 1400, 'close': np.float64(13.06), 'value': np.float64(18284.0), 'pnl': np.float64(224.0000000000002)}, {'code': '600480.SH', 'shares': 1300, 'close': np.float64(14.31), 'value': np.float64(18603.0), 'pnl': np.float64(260.00000000000136)}]"
20250825,153634.43000000002,54310.0,207944.43000000002,3,"[{'code': '603688.SH', 'shares': 400, 'close': np.float64(42.23), 'value': np.float64(16892.0), 'pnl': np.float64(875.9999999999991)}, {'code': '002708.SZ', 'shares': 1400, 'close': np.float64(13.31), 'value': np.float64(18634.0), 'pnl': np.float64(574.0000000000002)}, {'code': '600805.SH', 'shares': 3200, 'close': np.float64(5.87), 'value': np.float64(18784.0), 'pnl': np.float64(-352.000000000001)}]"
20250826,150907.05,54641.0,205548.05,3,"[{'code': '002708.SZ', 'shares': 1400, 'close': np.float64(13.14), 'value': np.float64(18396.0), 'pnl': np.float64(336.0000000000003)}, {'code': '600104.SH', 'shares': 900, 'close': np.float64(19.65), 'value': np.float64(17685.0), 'pnl': np.float64(-639.0000000000008)}, {'code': '603031.SH', 'shares': 500, 'close': np.float64(37.12), 'value': np.float64(18560.0), 'pnl': np.float64(-865.000000000002)}]"
20250827,204226.38,0.0,204226.38,0,[]
20250828,150738.97,54196.0,204934.97,3,"[{'code': '000818.SZ', 'shares': 700, 'close': np.float64(26.37), 'value': np.float64(18459.0), 'pnl': np.float64(-265.9999999999993)}, {'code': '002290.SZ', 'shares': 500, 'close': np.float64(36.32), 'value': np.float64(18160.0), 'pnl': np.float64(519.9999999999995)}, {'code': '002555.SZ', 'shares': 900, 'close': np.float64(19.53), 'value': np.float64(17577.0), 'pnl': np.float64(450.0)}]"
20250829,102661.07999999999,102153.0,204814.08,6,"[{'code': '002290.SZ', 'shares': 500, 'close': np.float64(35.88), 'value': np.float64(17940.0), 'pnl': np.float64(300.0000000000007)}, {'code': '002555.SZ', 'shares': 900, 'close': np.float64(19.69), 'value': np.float64(17721.0), 'pnl': np.float64(594.0000000000001)}, {'code': '002918.SZ', 'shares': 1400, 'close': np.float64(12.89), 'value': np.float64(18046.0), 'pnl': np.float64(-336.0000000000003)}, {'code': '603615.SH', 'shares': 700, 'close': np.float64(25.72), 'value': np.float64(18004.0), 'pnl': np.float64(-133.0000000000009)}, {'code': '600980.SH', 'shares': 600, 'close': np.float64(29.44), 'value': np.float64(17664.0), 'pnl': np.float64(876.0000000000005)}, {'code': '603228.SH', 'shares': 200, 'close': np.float64(63.89), 'value': np.float64(12778.0), 'pnl': np.float64(178.0000000000001)}]"
20250901,97114.03999999998,107160.0,204274.03999999998,6,"[{'code': '002555.SZ', 'shares': 900, 'close': np.float64(19.65), 'value': np.float64(17685.0), 'pnl': np.float64(557.9999999999977)}, {'code': '002918.SZ', 'shares': 1400, 'close': np.float64(13.35), 'value': np.float64(18690.0), 'pnl': np.float64(307.9999999999984)}, {'code': '603615.SH', 'shares': 700, 'close': np.float64(26.69), 'value': np.float64(18683.0), 'pnl': np.float64(546.0000000000008)}, {'code': '600980.SH', 'shares': 600, 'close': np.float64(28.28), 'value': np.float64(16968.0), 'pnl': np.float64(180.00000000000043)}, {'code': '605100.SH', 'shares': 600, 'close': np.float64(28.18), 'value': np.float64(16908.0), 'pnl': np.float64(203.99999999999991)}, {'code': '002423.SZ', 'shares': 1300, 'close': np.float64(14.02), 'value': np.float64(18226.0), 'pnl': np.float64(129.99999999999955)}]"
20250902,168602.21999999997,32916.0,201518.21999999997,2,"[{'code': '601606.SH', 'shares': 200, 'close': np.float64(72.42), 'value': np.float64(14484.0), 'pnl': np.float64(887.9999999999995)}, {'code': '600545.SH', 'shares': 6400, 'close': np.float64(2.88), 'value': np.float64(18432.0), 'pnl': np.float64(0.0)}]"
20250903,113196.72999999998,88088.0,201284.72999999998,5,"[{'code': '600545.SH', 'shares': 5900, 'close': np.float64(3.17), 'value': np.float64(18703.0), 'pnl': np.float64(1711.0000000000002)}, {'code': '601958.SH', 'shares': 1100, 'close': np.float64(16.25), 'value': np.float64(17875.0), 'pnl': np.float64(-187.00000000000188)}, {'code': '002716.SZ', 'shares': 3000, 'close': np.float64(6.0), 'value': np.float64(18000.0), 'pnl': np.float64(0.0)}, {'code': '001222.SZ', 'shares': 700, 'close': np.float64(25.8), 'value': np.float64(18060.0), 'pnl': np.float64(-153.9999999999992)}, {'code': '605289.SH', 'shares': 300, 'close': np.float64(51.5), 'value': np.float64(15450.0), 'pnl': np.float64(-239.99999999999915)}]"
20250904,55465.049999999974,142402.0,197867.05,8,"[{'code': '001222.SZ', 'shares': 700, 'close': np.float64(26.9), 'value': np.float64(18830.0), 'pnl': np.float64(615.9999999999993)}, {'code': '605055.SH', 'shares': 2400, 'close': np.float64(7.54), 'value': np.float64(18096.0), 'pnl': np.float64(-288.0000000000002)}, {'code': '002031.SZ', 'shares': 2100, 'close': np.float64(8.75), 'value': np.float64(18375.0), 'pnl': np.float64(168.00000000000014)}, {'code': '600400.SH', 'shares': 7000, 'close': np.float64(2.59), 'value': np.float64(18130.0), 'pnl': np.float64(-70.00000000000162)}, {'code': '601717.SH', 'shares': 800, 'close': np.float64(20.87), 'value': np.float64(16696.0), 'pnl': np.float64(-512.0000000000005)}, {'code': '000837.SZ', 'shares': 1300, 'close': np.float64(13.01), 'value': np.float64(16913.0), 'pnl': np.float64(-858.0000000000002)}, {'code': '603179.SH', 'shares': 300, 'close': np.float64(58.98), 'value': np.float64(17694.0), 'pnl': np.float64(1490.9999999999995)}, {'code': '603033.SH', 'shares': 1400, 'close': np.float64(12.62), 'value': np.float64(17668.0), 'pnl': np.float64(-154.0000000000017)}]"
20250905,93392.82999999999,110356.0,203748.83,6,"[{'code': '001222.SZ', 'shares': 700, 'close': np.float64(26.8), 'value': np.float64(18760.0), 'pnl': np.float64(546.0000000000008)}, {'code': '002031.SZ', 'shares': 2100, 'close': np.float64(8.95), 'value': np.float64(18795.0), 'pnl': np.float64(587.9999999999986)}, {'code': '601717.SH', 'shares': 800, 'close': np.float64(21.49), 'value': np.float64(17192.0), 'pnl': np.float64(-16.0000000000025)}, {'code': '000837.SZ', 'shares': 1300, 'close': np.float64(14.31), 'value': np.float64(18603.0), 'pnl': np.float64(832.0000000000007)}, {'code': '603033.SH', 'shares': 1400, 'close': np.float64(13.29), 'value': np.float64(18606.0), 'pnl': np.float64(783.9999999999982)}, {'code': '605050.SH', 'shares': 1000, 'close': np.float64(18.4), 'value': np.float64(18400.0), 'pnl': np.float64(1160.0000000000002)}]"
20250908,94257.90999999997,113026.0,207283.90999999997,6,"[{'code': '001222.SZ', 'shares': 700, 'close': np.float64(27.2), 'value': np.float64(19040.0), 'pnl': np.float64(825.9999999999998)}, {'code': '002031.SZ', 'shares': 2100, 'close': np.float64(9.18), 'value': np.float64(19278.0), 'pnl': np.float64(1070.9999999999995)}, {'code': '601717.SH', 'shares': 800, 'close': np.float64(21.85), 'value': np.float64(17480.0), 'pnl': np.float64(271.9999999999999)}, {'code': '603033.SH', 'shares': 1400, 'close': np.float64(12.98), 'value': np.float64(18172.0), 'pnl': np.float64(350.0)}, {'code': '605050.SH', 'shares': 1000, 'close': np.float64(20.24), 'value': np.float64(20240.0), 'pnl': np.float64(3000.0)}, {'code': '002426.SZ', 'shares': 4900, 'close': np.float64(3.84), 'value': np.float64(18816.0), 'pnl': np.float64(342.9999999999992)}]"
20250909,66005.26999999997,141947.0,207952.26999999996,8,"[{'code': '601717.SH', 'shares': 800, 'close': np.float64(22.82), 'value': np.float64(18256.0), 'pnl': np.float64(1047.999999999999)}, {'code': '603033.SH', 'shares': 1400, 'close': np.float64(13.02), 'value': np.float64(18228.0), 'pnl': np.float64(405.9999999999988)}, {'code': '603127.SH', 'shares': 500, 'close': np.float64(32.22), 'value': np.float64(16110.0), 'pnl': np.float64(-734.9999999999994)}, {'code': '002796.SZ', 'shares': 1200, 'close': np.float64(15.28), 'value': np.float64(18336.0), 'pnl': np.float64(-324.0000000000016)}, {'code': '002534.SZ', 'shares': 1300, 'close': np.float64(13.6), 'value': np.float64(17680.0), 'pnl': np.float64(-182.00000000000074)}, {'code': '605378.SH', 'shares': 600, 'close': np.float64(29.57), 'value': np.float64(17742.0), 'pnl': np.float64(792.0000000000002)}, {'code': '002723.SZ', 'shares': 1900, 'close': np.float64(9.95), 'value': np.float64(18905.0), 'pnl': np.float64(550.9999999999984)}, {'code': '002046.SZ', 'shares': 500, 'close': np.float64(33.38), 'value': np.float64(16690.0), 'pnl': np.float64(-29.999999999997584)}]"
20250910,67839.12999999998,142973.0,210812.12999999998,8,"[{'code': '601717.SH', 'shares': 800, 'close': np.float64(22.79), 'value': np.float64(18232.0), 'pnl': np.float64(1023.9999999999981)}, {'code': '603127.SH', 'shares': 500, 'close': np.float64(35.44), 'value': np.float64(17720.0), 'pnl': np.float64(875.0)}, {'code': '002534.SZ', 'shares': 1300, 'close': np.float64(13.89), 'value': np.float64(18057.0), 'pnl': np.float64(195.00000000000045)}, {'code': '605378.SH', 'shares': 600, 'close': np.float64(28.0), 'value': np.float64(16800.0), 'pnl': np.float64(-150.0)}, {'code': '002723.SZ', 'shares': 1900, 'close': np.float64(9.8), 'value': np.float64(18620.0), 'pnl': np.float64(266.0000000000011)}, {'code': '002046.SZ', 'shares': 500, 'close': np.float64(33.37), 'value': np.float64(16685.0), 'pnl': np.float64(-35.00000000000014)}, {'code': '603863.SH', 'shares': 900, 'close': np.float64(21.15), 'value': np.float64(19035.0), 'pnl': np.float64(1340.9999999999986)}, {'code': '603657.SH', 'shares': 400, 'close': np.float64(44.56), 'value': np.float64(17824.0), 'pnl': np.float64(315.99999999999966)}]"
20250911,26898.459999999974,185025.0,211923.45999999996,10,"[{'code': '601717.SH', 'shares': 800, 'close': np.float64(23.05), 'value': np.float64(18440.0), 'pnl': np.float64(1231.9999999999993)}, {'code': '002534.SZ', 'shares': 1300, 'close': np.float64(14.13), 'value': np.float64(18369.0), 'pnl': np.float64(507.00000000000074)}, {'code': '002723.SZ', 'shares': 1900, 'close': np.float64(9.9), 'value': np.float64(18810.0), 'pnl': np.float64(456.0000000000004)}, {'code': '603863.SH', 'shares': 900, 'close': np.float64(21.06), 'value': np.float64(18954.0), 'pnl': np.float64(1259.9999999999986)}, {'code': '000962.SZ', 'shares': 800, 'close': np.float64(23.54), 'value': np.float64(18832.0), 'pnl': np.float64(568.0000000000007)}, {'code': '002859.SZ', 'shares': 600, 'close': np.float64(32.4), 'value': np.float64(19440.0), 'pnl': np.float64(642.0000000000002)}, {'code': '601218.SH', 'shares': 4000, 'close': np.float64(4.76), 'value': np.float64(19040.0), 'pnl': np.float64(-160.00000000000014)}, {'code': '002487.SZ', 'shares': 400, 'close': np.float64(41.41), 'value': np.float64(16564.0), 'pnl': np.float64(35.99999999999852)}, {'code': '002674.SZ', 'shares': 1200, 'close': np.float64(14.82), 'value': np.float64(17784.0), 'pnl': np.float64(252.00000000000102)}, {'code': '600249.SH', 'shares': 2900, 'close': np.float64(6.48), 'value': np.float64(18792.0), 'pnl': np.float64(87.00000000000072)}]"
20250912,81692.35999999997,131678.0,213370.36,7,"[{'code': '601717.SH', 'shares': 800, 'close': np.float64(23.05), 'value': np.float64(18440.0), 'pnl': np.float64(1231.9999999999993)}, {'code': '002534.SZ', 'shares': 1300, 'close': np.float64(14.69), 'value': np.float64(19097.0), 'pnl': np.float64(1234.999999999999)}, {'code': '000962.SZ', 'shares': 800, 'close': np.float64(24.7), 'value': np.float64(19760.0), 'pnl': np.float64(1496.000000000001)}, {'code': '002859.SZ', 'shares': 600, 'close': np.float64(32.66), 'value': np.float64(19595.999999999996), 'pnl': np.float64(797.999999999999)}, {'code': '601218.SH', 'shares': 4000, 'close': np.float64(4.87), 'value': np.float64(19480.0), 'pnl': np.float64(280.00000000000114)}, {'code': '603286.SH', 'shares': 500, 'close': np.float64(35.33), 'value': np.float64(17665.0), 'pnl': np.float64(-155.00000000000114)}, {'code': '603656.SH', 'shares': 800, 'close': np.float64(22.05), 'value': np.float64(17640.0), 'pnl': np.float64(-56.00000000000023)}]"
20250915,42279.89999999997,172933.0,215212.89999999997,9,"[{'code': '002534.SZ', 'shares': 1300, 'close': np.float64(15.14), 'value': np.float64(19682.0), 'pnl': np.float64(1820.0000000000005)}, {'code': '000962.SZ', 'shares': 800, 'close': np.float64(24.35), 'value': np.float64(19480.0), 'pnl': np.float64(1216.0000000000025)}, {'code': '002859.SZ', 'shares': 600, 'close': np.float64(32.21), 'value': np.float64(19326.0), 'pnl': np.float64(528.0000000000016)}, {'code': '603656.SH', 'shares': 800, 'close': np.float64(22.11), 'value': np.float64(17688.0), 'pnl': np.float64(-8.00000000000125)}, {'code': '002276.SZ', 'shares': 1100, 'close': np.float64(18.0), 'value': np.float64(19800.0), 'pnl': np.float64(571.9999999999995)}, {'code': '002636.SZ', 'shares': 1400, 'close': np.float64(13.4), 'value': np.float64(18760.0), 'pnl': np.float64(336.0000000000003)}, {'code': '603878.SH', 'shares': 2800, 'close': np.float64(7.17), 'value': np.float64(20076.0), 'pnl': np.float64(1008.0000000000009)}, {'code': '002815.SZ', 'shares': 1200, 'close': np.float64(16.55), 'value': np.float64(19860.0), 'pnl': np.float64(636.0000000000014)}, {'code': '605188.SH', 'shares': 900, 'close': np.float64(20.29), 'value': np.float64(18261.0), 'pnl': np.float64(450.0)}]"
20250916,19455.029999999977,197835.0,217290.02999999997,10,"[{'code': '002534.SZ', 'shares': 1300, 'close': np.float64(15.24), 'value': np.float64(19812.0), 'pnl': np.float64(1950.0)}, {'code': '000962.SZ', 'shares': 800, 'close': np.float64(24.22), 'value': np.float64(19376.0), 'pnl': np.float64(1112.0000000000005)}, {'code': '002859.SZ', 'shares': 600, 'close': np.float64(33.04), 'value': np.float64(19824.0), 'pnl': np.float64(1026.0000000000005)}, {'code': '002276.SZ', 'shares': 1100, 'close': np.float64(18.66), 'value': np.float64(20526.0), 'pnl': np.float64(1297.9999999999998)}, {'code': '002636.SZ', 'shares': 1400, 'close': np.float64(13.47), 'value': np.float64(18858.0), 'pnl': np.float64(434.0000000000007)}, {'code': '603878.SH', 'shares': 2800, 'close': np.float64(7.12), 'value': np.float64(19936.0), 'pnl': np.float64(868.0000000000014)}, {'code': '002815.SZ', 'shares': 1200, 'close': np.float64(16.59), 'value': np.float64(19908.0), 'pnl': np.float64(684.0000000000003)}, {'code': '600545.SH', 'shares': 6100, 'close': np.float64(3.21), 'value': np.float64(19581.0), 'pnl': np.float64(366.00000000000034)}, {'code': '603316.SH', 'shares': 1800, 'close': np.float64(11.45), 'value': np.float64(20610.0), 'pnl': np.float64(1691.999999999999)}, {'code': '000737.SZ', 'shares': 1400, 'close': np.float64(13.86), 'value': np.float64(19404.0), 'pnl': np.float64(741.9999999999991)}]"
20250917,98700.13999999997,118483.0,217183.13999999996,6,"[{'code': '002534.SZ', 'shares': 1300, 'close': np.float64(15.06), 'value': np.float64(19578.0), 'pnl': np.float64(1716.0000000000005)}, {'code': '002859.SZ', 'shares': 600, 'close': np.float64(32.48), 'value': np.float64(19487.999999999996), 'pnl': np.float64(689.9999999999991)}, {'code': '002276.SZ', 'shares': 1100, 'close': np.float64(18.04), 'value': np.float64(19844.0), 'pnl': np.float64(615.9999999999986)}, {'code': '603878.SH', 'shares': 2800, 'close': np.float64(7.12), 'value': np.float64(19936.0), 'pnl': np.float64(868.0000000000014)}, {'code': '002815.SZ', 'shares': 1200, 'close': np.float64(16.51), 'value': np.float64(19812.000000000004), 'pnl': np.float64(588.0000000000024)}, {'code': '000737.SZ', 'shares': 1300, 'close': np.float64(15.25), 'value': np.float64(19825.0), 'pnl': np.float64(2496.0)}]"
20250918,137748.40999999997,78507.0,216255.40999999997,4,"[{'code': '002276.SZ', 'shares': 1100, 'close': np.float64(18.2), 'value': np.float64(20020.0), 'pnl': np.float64(791.9999999999987)}, {'code': '603878.SH', 'shares': 2800, 'close': np.float64(7.23), 'value': np.float64(20244.0), 'pnl': np.float64(1176.0000000000023)}, {'code': '002815.SZ', 'shares': 1200, 'close': np.float64(16.69), 'value': np.float64(20028.0), 'pnl': np.float64(804.000000000002)}, {'code': '603950.SH', 'shares': 500, 'close': np.float64(36.43), 'value': np.float64(18215.0), 'pnl': np.float64(39.99999999999915)}]"
20250919,121951.24999999999,95456.0,217407.25,5,"[{'code': '002276.SZ', 'shares': 1100, 'close': np.float64(18.7), 'value': np.float64(20570.0), 'pnl': np.float64(1341.9999999999986)}, {'code': '002815.SZ', 'shares': 1200, 'close': np.float64(16.8), 'value': np.float64(20160.0), 'pnl': np.float64(936.0000000000014)}, {'code': '002196.SZ', 'shares': 2000, 'close': np.float64(9.73), 'value': np.float64(19460.0), 'pnl': np.float64(-1239.9999999999984)}, {'code': '003033.SZ', 'shares': 300, 'close': np.float64(52.72), 'value': np.float64(15816.0), 'pnl': np.float64(290.99999999999966)}, {'code': '002245.SZ', 'shares': 1000, 'close': np.float64(19.45), 'value': np.float64(19450.0), 'pnl': np.float64(79.9999999999983)}]"
20250922,65843.62999999998,158165.0,224008.62999999998,8,"[{'code': '002276.SZ', 'shares': 1000, 'close': np.float64(20.57), 'value': np.float64(20570.0), 'pnl': np.float64(3090.0)}, {'code': '002815.SZ', 'shares': 1200, 'close': np.float64(16.73), 'value': np.float64(20076.0), 'pnl': np.float64(852.000000000001)}, {'code': '003033.SZ', 'shares': 300, 'close': np.float64(53.39), 'value': np.float64(16017.0), 'pnl': np.float64(492.00000000000017)}, {'code': '002245.SZ', 'shares': 1000, 'close': np.float64(19.68), 'value': np.float64(19680.0), 'pnl': np.float64(309.99999999999875)}, {'code': '002272.SZ', 'shares': 1100, 'close': np.float64(18.47), 'value': np.float64(20317.0), 'pnl': np.float64(505.99999999999704)}, {'code': '002472.SZ', 'shares': 400, 'close': np.float64(50.48), 'value': np.float64(20192.0), 'pnl': np.float64(1311.9999999999977)}, {'code': '603286.SH', 'shares': 500, 'close': np.float64(42.93), 'value': np.float64(21465.0), 'pnl': np.float64(1794.9999999999982)}, {'code': '603683.SH', 'shares': 600, 'close': np.float64(33.08), 'value': np.float64(19848.0), 'pnl': np.float64(539.9999999999991)}]"
20250923,106167.01999999999,120969.0,227136.02,6,"[{'code': '003033.SZ', 'shares': 300, 'close': np.float64(54.28), 'value': np.float64(16284.0), 'pnl': np.float64(759.0000000000003)}, {'code': '002245.SZ', 'shares': 1000, 'close': np.float64(20.32), 'value': np.float64(20320.0), 'pnl': np.float64(949.9999999999993)}, {'code': '002272.SZ', 'shares': 1100, 'close': np.float64(19.45), 'value': np.float64(21395.0), 'pnl': np.float64(1583.9999999999975)}, {'code': '002472.SZ', 'shares': 400, 'close': np.float64(51.69), 'value': np.float64(20676.0), 'pnl': np.float64(1795.999999999998)}, {'code': '603683.SH', 'shares': 600, 'close': np.float64(36.39), 'value': np.float64(21834.0), 'pnl': np.float64(2526.0000000000005)}, {'code': '002303.SZ', 'shares': 4400, 'close': np.float64(4.65), 'value': np.float64(20460.0), 'pnl': np.float64(44.00000000000297)}]"
20250924,189116.52,36538.0,225654.52,2,"[{'code': '003033.SZ', 'shares': 300, 'close': np.float64(53.38), 'value': np.float64(16014.0), 'pnl': np.float64(489.0000000000008)}, {'code': '002472.SZ', 'shares': 400, 'close': np.float64(51.31), 'value': np.float64(20524.0), 'pnl': np.float64(1643.9999999999998)}]"
20250925,124583.94999999998,100116.0,224699.94999999998,5,"[{'code': '002472.SZ', 'shares': 400, 'close': np.float64(51.33), 'value': np.float64(20532.0), 'pnl': np.float64(1651.9999999999982)}, {'code': '002060.SZ', 'shares': 5200, 'close': np.float64(3.95), 'value': np.float64(20540.0), 'pnl': np.float64(-311.99999999999795)}, {'code': '002515.SZ', 'shares': 2700, 'close': np.float64(7.57), 'value': np.float64(20439.0), 'pnl': np.float64(458.99999999999983)}, {'code': '600798.SH', 'shares': 4900, 'close': np.float64(4.15), 'value': np.float64(20335.0), 'pnl': np.float64(-685.9999999999984)}, {'code': '002785.SZ', 'shares': 600, 'close': np.float64(30.45), 'value': np.float64(18270.0), 'pnl': np.float64(-1325.9999999999984)}]"
20250926,122845.85999999996,98200.0,221045.85999999996,5,"[{'code': '000603.SZ', 'shares': 800, 'close': np.float64(23.33), 'value': np.float64(18664.0), 'pnl': np.float64(591.9999999999987)}, {'code': '600103.SH', 'shares': 5500, 'close': np.float64(3.66), 'value': np.float64(20130.0), 'pnl': np.float64(-1429.9999999999989)}, {'code': '002562.SZ', 'shares': 2700, 'close': np.float64(7.38), 'value': np.float64(19926.0), 'pnl': np.float64(-134.99999999999952)}, {'code': '603800.SH', 'shares': 400, 'close': np.float64(49.4), 'value': np.float64(19760.0), 'pnl': np.float64(-980.0000000000011)}, {'code': '600126.SH', 'shares': 2000, 'close': np.float64(9.86), 'value': np.float64(19720.0), 'pnl': np.float64(-820.0000000000002)}]"
20250929,124135.50999999995,99115.0,223250.50999999995,5,"[{'code': '000603.SZ', 'shares': 800, 'close': np.float64(25.66), 'value': np.float64(20528.0), 'pnl': np.float64(2456.0)}, {'code': '002562.SZ', 'shares': 2700, 'close': np.float64(7.34), 'value': np.float64(19818.0), 'pnl': np.float64(-242.9999999999996)}, {'code': '605060.SH', 'shares': 700, 'close': np.float64(28.63), 'value': np.float64(20041.0), 'pnl': np.float64(146.99999999999812)}, {'code': '002130.SZ', 'shares': 600, 'close': np.float64(30.96), 'value': np.float64(18576.0), 'pnl': np.float64(-1073.9999999999995)}, {'code': '603035.SH', 'shares': 1100, 'close': np.float64(18.32), 'value': np.float64(20152.0), 'pnl': np.float64(21.99999999999953)}]"
20250930,143684.45999999996,77815.0,221499.45999999996,4,"[{'code': '001209.SZ', 'shares': 1000, 'close': np.float64(18.78), 'value': np.float64(18780.0), 'pnl': np.float64(-1119.9999999999975)}, {'code': '002971.SZ', 'shares': 500, 'close': np.float64(35.43), 'value': np.float64(17715.0), 'pnl': np.float64(-410.0000000000001)}, {'code': '600637.SH', 'shares': 2000, 'close': np.float64(10.31), 'value': np.float64(20620.0), 'pnl': np.float64(540.0000000000027)}, {'code': '600848.SH', 'shares': 1800, 'close': np.float64(11.5), 'value': np.float64(20700.0), 'pnl': np.float64(558.0000000000009)}]"
20251009,163427.72999999998,59292.0,222719.72999999998,3,"[{'code': '600637.SH', 'shares': 2000, 'close': np.float64(10.08), 'value': np.float64(20160.0), 'pnl': np.float64(80.00000000000185)}, {'code': '600848.SH', 'shares': 1800, 'close': np.float64(11.94), 'value': np.float64(21492.0), 'pnl': np.float64(1350.0)}, {'code': '605588.SH', 'shares': 300, 'close': np.float64(58.8), 'value': np.float64(17640.0), 'pnl': np.float64(-203.99999999999991)}]"
20251010,147228.42999999996,76105.0,223333.42999999996,4,"[{'code': '600848.SH', 'shares': 1800, 'close': np.float64(11.82), 'value': np.float64(21276.0), 'pnl': np.float64(1134.0000000000014)}, {'code': '605588.SH', 'shares': 300, 'close': np.float64(59.67), 'value': np.float64(17901.0), 'pnl': np.float64(57.00000000000145)}, {'code': '001226.SZ', 'shares': 400, 'close': np.float64(41.74), 'value': np.float64(16696.0), 'pnl': np.float64(-512.0000000000005)}, {'code': '603421.SH', 'shares': 2400, 'close': np.float64(8.43), 'value': np.float64(20232.0), 'pnl': np.float64(1415.9999999999995)}]"
20251013,12439.859999999955,223860.0,236299.85999999996,11,"[{'code': '600848.SH', 'shares': 1700, 'close': np.float64(12.12), 'value': np.float64(20604.0), 'pnl': np.float64(1580.9999999999995)}, {'code': '605588.SH', 'shares': 300, 'close': np.float64(65.64), 'value': np.float64(19692.0), 'pnl': np.float64(1848.0000000000011)}, {'code': '603421.SH', 'shares': 2400, 'close': np.float64(8.13), 'value': np.float64(19512.000000000004), 'pnl': np.float64(696.0000000000023)}, {'code': '000571.SZ', 'shares': 3600, 'close': np.float64(5.64), 'value': np.float64(20304.0), 'pnl': np.float64(1367.9999999999995)}, {'code': '000655.SZ', 'shares': 2100, 'close': np.float64(9.76), 'value': np.float64(20496.0), 'pnl': np.float64(1050.0)}, {'code': '000681.SZ', 'shares': 900, 'close': np.float64(24.93), 'value': np.float64(22437.0), 'pnl': np.float64(2609.9999999999986)}, {'code': '002307.SZ', 'shares': 4100, 'close': np.float64(4.99), 'value': np.float64(20459.0), 'pnl': np.float64(779.0000000000016)}, {'code': '002366.SZ', 'shares': 2300, 'close': np.float64(9.0), 'value': np.float64(20700.0), 'pnl': np.float64(1816.999999999998)}, {'code': '600353.SH', 'shares': 1000, 'close': np.float64(20.87), 'value': np.float64(20870.0), 'pnl': np.float64(2800.000000000001)}, {'code': '600808.SH', 'shares': 5000, 'close': np.float64(4.06), 'value': np.float64(20299.999999999996), 'pnl': np.float64(699.9999999999984)}, {'code': '603988.SH', 'shares': 600, 'close': np.float64(30.81), 'value': np.float64(18486.0), 'pnl': np.float64(917.9999999999985)}]"
20251014,106482.79999999996,127164.0,233646.79999999996,6,"[{'code': '603421.SH', 'shares': 2500, 'close': np.float64(8.34), 'value': np.float64(20850.0), 'pnl': np.float64(1250.0)}, {'code': '000655.SZ', 'shares': 2200, 'close': np.float64(9.65), 'value': np.float64(21230.0), 'pnl': np.float64(858.0000000000013)}, {'code': '000681.SZ', 'shares': 900, 'close': np.float64(24.22), 'value': np.float64(21798.0), 'pnl': np.float64(1970.999999999998)}, {'code': '002307.SZ', 'shares': 4200, 'close': np.float64(5.07), 'value': np.float64(21294.0), 'pnl': np.float64(1134.000000000002)}, {'code': '002366.SZ', 'shares': 2400, 'close': np.float64(8.7), 'value': np.float64(20880.0), 'pnl': np.float64(1175.9999999999964)}, {'code': '600808.SH', 'shares': 5200, 'close': np.float64(4.06), 'value': np.float64(21111.999999999996), 'pnl': np.float64(727.9999999999983)}]"
20251015,88170.06999999995,148324.0,236494.06999999995,7,"[{'code': '000655.SZ', 'shares': 2200, 'close': np.float64(9.79), 'value': np.float64(21537.999999999996), 'pnl': np.float64(1165.9999999999986)}, {'code': '000681.SZ', 'shares': 900, 'close': np.float64(25.05), 'value': np.float64(22545.0), 'pnl': np.float64(2717.9999999999995)}, {'code': '002307.SZ', 'shares': 4200, 'close': np.float64(5.11), 'value': np.float64(21462.0), 'pnl': np.float64(1302.000000000002)}, {'code': '002366.SZ', 'shares': 2400, 'close': np.float64(8.79), 'value': np.float64(21095.999999999996), 'pnl': np.float64(1391.999999999996)}, {'code': '600808.SH', 'shares': 5100, 'close': np.float64(4.19), 'value': np.float64(21369.000000000004), 'pnl': np.float64(1377.0000000000023)}, {'code': '000777.SZ', 'shares': 900, 'close': np.float64(21.94), 'value': np.float64(19746.0), 'pnl': np.float64(594.0000000000001)}, {'code': '002735.SZ', 'shares': 1200, 'close': np.float64(17.14), 'value': np.float64(20568.0), 'pnl': np.float64(647.999999999999)}]"
20251016,148636.72999999995,83242.0,231878.72999999995,4,"[{'code': '000681.SZ', 'shares': 900, 'close': np.float64(24.77), 'value': np.float64(22293.0), 'pnl': np.float64(2465.9999999999986)}, {'code': '600808.SH', 'shares': 5100, 'close': np.float64(4.11), 'value': np.float64(20961.0), 'pnl': np.float64(969.000000000002)}, {'code': '605169.SH', 'shares': 1200, 'close': np.float64(16.45), 'value': np.float64(19740.0), 'pnl': np.float64(-444.0000000000012)}, {'code': '603192.SH', 'shares': 800, 'close': np.float64(25.31), 'value': np.float64(20248.0), 'pnl': np.float64(351.9999999999982)}]"
20251017,84449.10999999993,143721.0,228170.10999999993,7,"[{'code': '603192.SH', 'shares': 800, 'close': np.float64(25.49), 'value': np.float64(20392.0), 'pnl': np.float64(495.99999999999795)}, {'code': '002701.SZ', 'shares': 3300, 'close': np.float64(6.31), 'value': np.float64(20823.0), 'pnl': np.float64(-363.0000000000011)}, {'code': '002436.SZ', 'shares': 1000, 'close': np.float64(19.53), 'value': np.float64(19530.0), 'pnl': np.float64(-899.9999999999986)}, {'code': '603861.SH', 'shares': 1800, 'close': np.float64(12.22), 'value': np.float64(21996.0), 'pnl': np.float64(990.0000000000013)}, {'code': '603222.SH', 'shares': 2000, 'close': np.float64(10.47), 'value': np.float64(20940.0), 'pnl': np.float64(-699.9999999999993)}, {'code': '605111.SH', 'shares': 500, 'close': np.float64(39.0), 'value': np.float64(19500.0), 'pnl': np.float64(-214.99999999999986)}, {'code': '600513.SH', 'shares': 1000, 'close': np.float64(20.54), 'value': np.float64(20540.0), 'pnl': np.float64(-30.000000000001137)}]"
20251020,167702.31999999995,63848.0,231550.31999999995,3,"[{'code': '603192.SH', 'shares': 800, 'close': np.float64(26.9), 'value': np.float64(21520.0), 'pnl': np.float64(1623.9999999999982)}, {'code': '603861.SH', 'shares': 1600, 'close': np.float64(13.44), 'value': np.float64(21504.0), 'pnl': np.float64(2831.999999999999)}, {'code': '002793.SZ', 'shares': 3800, 'close': np.float64(5.48), 'value': np.float64(20824.0), 'pnl': np.float64(342.00000000000284)}]"
20251021,169077.52999999994,60915.0,229992.52999999994,3,"[{'code': '002793.SZ', 'shares': 3800, 'close': np.float64(5.47), 'value': np.float64(20786.0), 'pnl': np.float64(304.0000000000003)}, {'code': '002940.SZ', 'shares': 500, 'close': np.float64(38.92), 'value': np.float64(19460.0), 'pnl': np.float64(-1309.9999999999986)}, {'code': '605303.SH', 'shares': 1100, 'close': np.float64(18.79), 'value': np.float64(20669.0), 'pnl': np.float64(352.00000000000034)}]"
20251022,85372.65999999995,147300.0,232672.65999999995,7,"[{'code': '002793.SZ', 'shares': 3800, 'close': np.float64(5.51), 'value': np.float64(20938.0), 'pnl': np.float64(456.0000000000004)}, {'code': '002940.SZ', 'shares': 500, 'close': np.float64(42.81), 'value': np.float64(21405.0), 'pnl': np.float64(635.0000000000016)}, {'code': '605303.SH', 'shares': 1100, 'close': np.float64(19.69), 'value': np.float64(21659.0), 'pnl': np.float64(1342.0000000000027)}, {'code': '600173.SH', 'shares': 2200, 'close': np.float64(9.59), 'value': np.float64(21098.0), 'pnl': np.float64(-902.0000000000003)}, {'code': '600192.SH', 'shares': 2100, 'close': np.float64(10.1), 'value': np.float64(21210.0), 'pnl': np.float64(483.0000000000009)}, {'code': '601015.SH', 'shares': 5000, 'close': np.float64(4.15), 'value': np.float64(20750.0), 'pnl': np.float64(-149.99999999999682)}, {'code': '002893.SZ', 'shares': 1600, 'close': np.float64(12.65), 'value': np.float64(20240.0), 'pnl': np.float64(128.0000000000001)}]"
20251023,44689.709999999955,187525.0,232214.70999999996,9,"[{'code': '605303.SH', 'shares': 1100, 'close': np.float64(19.2), 'value': np.float64(21120.0), 'pnl': np.float64(803.0000000000005)}, {'code': '600192.SH', 'shares': 2100, 'close': np.float64(10.01), 'value': np.float64(21021.0), 'pnl': np.float64(294.0000000000012)}, {'code': '601015.SH', 'shares': 4600, 'close': np.float64(4.57), 'value': np.float64(21022.0), 'pnl': np.float64(1794.0000000000027)}, {'code': '000905.SZ', 'shares': 2100, 'close': np.float64(10.24), 'value': np.float64(21504.0), 'pnl': np.float64(1029.0000000000005)}, {'code': '603313.SH', 'shares': 2100, 'close': np.float64(9.69), 'value': np.float64(20349.0), 'pnl': np.float64(-168.00000000000014)}, {'code': '600815.SH', 'shares': 6800, 'close': np.float64(3.07), 'value': np.float64(20876.0), 'pnl': np.float64(-136.0000000000001)}, {'code': '000665.SZ', 'shares': 3300, 'close': np.float64(6.37), 'value': np.float64(21021.0), 'pnl': np.float64(330.00000000000176)}, {'code': '603067.SH', 'shares': 1100, 'close': np.float64(17.94), 'value': np.float64(19734.0), 'pnl': np.float64(-10.999999999997812)}, {'code': '600169.SH', 'shares': 7300, 'close': np.float64(2.86), 'value': np.float64(20878.0), 'pnl': np.float64(292.0000000000003)}]"
20251024,126712.03999999996,101756.0,228468.03999999998,5,"[{'code': '000905.SZ', 'shares': 2000, 'close': np.float64(10.59), 'value': np.float64(21180.0), 'pnl': np.float64(1679.9999999999998)}, {'code': '603067.SH', 'shares': 1100, 'close': np.float64(18.02), 'value': np.float64(19822.0), 'pnl': np.float64(77.00000000000031)}, {'code': '001330.SZ', 'shares': 3400, 'close': np.float64(6.21), 'value': np.float64(21114.0), 'pnl': np.float64(272.0000000000002)}, {'code': '002861.SZ', 'shares': 1000, 'close': np.float64(20.1), 'value': np.float64(20100.0), 'pnl': np.float64(480.00000000000045)}, {'code': '603280.SH', 'shares': 500, 'close': np.float64(39.08), 'value': np.float64(19540.0), 'pnl': np.float64(-664.9999999999991)}]"
20251027,126581.61999999997,102067.0,228648.61999999997,5,"[{'code': '000905.SZ', 'shares': 2000, 'close': np.float64(10.4), 'value': np.float64(20800.0), 'pnl': np.float64(1300.0000000000007)}, {'code': '603067.SH', 'shares': 1100, 'close': np.float64(18.54), 'value': np.float64(20394.0), 'pnl': np.float64(648.9999999999999)}, {'code': '001330.SZ', 'shares': 3400, 'close': np.float64(6.25), 'value': np.float64(21250.0), 'pnl': np.float64(408.00000000000034)}, {'code': '002861.SZ', 'shares': 1000, 'close': np.float64(20.12), 'value': np.float64(20120.0), 'pnl': np.float64(500.0)}, {'code': '002733.SZ', 'shares': 900, 'close': np.float64(21.67), 'value': np.float64(19503.0), 'pnl': np.float64(27.000000000001023)}]"
20251028,129409.37999999996,103585.0,232994.37999999995,5,"[{'code': '000905.SZ', 'shares': 1900, 'close': np.float64(11.44), 'value': np.float64(21736.0), 'pnl': np.float64(3210.999999999999)}, {'code': '001330.SZ', 'shares': 3300, 'close': np.float64(6.43), 'value': np.float64(21219.0), 'pnl': np.float64(989.9999999999994)}, {'code': '002861.SZ', 'shares': 1000, 'close': np.float64(20.24), 'value': np.float64(20240.0), 'pnl': np.float64(619.9999999999975)}, {'code': '002733.SZ', 'shares': 900, 'close': np.float64(21.71), 'value': np.float64(19539.0), 'pnl': np.float64(63.000000000000256)}, {'code': '002546.SZ', 'shares': 2900, 'close': np.float64(7.19), 'value': np.float64(20851.0), 'pnl': np.float64(145.00000000000205)}]"
20251029,148924.27999999997,82370.0,231294.27999999997,4,"[{'code': '001330.SZ', 'shares': 3300, 'close': np.float64(6.27), 'value': np.float64(20691.0), 'pnl': np.float64(461.9999999999989)}, {'code': '002733.SZ', 'shares': 900, 'close': np.float64(22.21), 'value': np.float64(19989.0), 'pnl': np.float64(513.0000000000002)}, {'code': '002546.SZ', 'shares': 2900, 'close': np.float64(7.31), 'value': np.float64(21199.0), 'pnl': np.float64(492.9999999999998)}, {'code': '600376.SH', 'shares': 3100, 'close': np.float64(6.61), 'value': np.float64(20491.0), 'pnl': np.float64(-836.9999999999986)}]"
20251030,79186.80999999997,152038.0,231224.80999999997,8,"[{'code': '002733.SZ', 'shares': 900, 'close': np.float64(22.74), 'value': np.float64(20466.0), 'pnl': np.float64(989.9999999999981)}, {'code': '001223.SZ', 'shares': 300, 'close': np.float64(58.15), 'value': np.float64(17445.0), 'pnl': np.float64(863.9999999999986)}, {'code': '600855.SH', 'shares': 1300, 'close': np.float64(15.95), 'value': np.float64(20735.0), 'pnl': np.float64(948.9999999999983)}, {'code': '003009.SZ', 'shares': 300, 'close': np.float64(54.79), 'value': np.float64(16437.0), 'pnl': np.float64(-243.00000000000068)}, {'code': '601606.SH', 'shares': 400, 'close': np.float64(51.82), 'value': np.float64(20728.0), 'pnl': np.float64(-843.9999999999998)}, {'code': '600658.SH', 'shares': 3300, 'close': np.float64(6.29), 'value': np.float64(20757.0), 'pnl': np.float64(296.99999999999955)}, {'code': '603179.SH', 'shares': 200, 'close': np.float64(74.06), 'value': np.float64(14812.0), 'pnl': np.float64(-456.0000000000002)}, {'code': '002629.SZ', 'shares': 2200, 'close': np.float64(9.39), 'value': np.float64(20658.0), 'pnl': np.float64(-87.99999999999812)}]"
